<ImportExportXml version="9.0.2.2646" SolutionPackageVersion="9.0" languagecode="1033" generatedBy="CrmLive" xmlns:xsi="http://www.w3.org/2001/XMLSchema-instance">
  <SolutionManifest>
    <UniqueName>RealdolmenCRMLibrary</UniqueName>
    <LocalizedNames>
      <LocalizedName description="Realdolmen CRM Library" languagecode="1033" />
    </LocalizedNames>
    <Descriptions />
    <Version>1.0.0.9</Version>
    <Managed>0</Managed>
    <ConfigurationPage>rd_/clientside/configuration.html</ConfigurationPage>
    <Publisher>
      <UniqueName>realdolmen</UniqueName>
      <LocalizedNames>
        <LocalizedName description="Realdolmen" languagecode="1033" />
      </LocalizedNames>
      <Descriptions />
      <EMailAddress xsi:nil="true"></EMailAddress>
      <SupportingWebsiteUrl>http://www.realdolmen.com</SupportingWebsiteUrl>
      <CustomizationPrefix>rd</CustomizationPrefix>
      <CustomizationOptionValuePrefix>89908</CustomizationOptionValuePrefix>
      <Addresses>
        <Address>
          <AddressNumber>1</AddressNumber>
          <AddressTypeCode>1</AddressTypeCode>
          <City>Huizingen</City>
          <County xsi:nil="true"></County>
          <Country>Belgium</Country>
          <Fax xsi:nil="true"></Fax>
          <FreightTermsCode xsi:nil="true"></FreightTermsCode>
          <ImportSequenceNumber xsi:nil="true"></ImportSequenceNumber>
          <Latitude xsi:nil="true"></Latitude>
          <Line1>A. Vaucampslaan 41</Line1>
          <Line2 xsi:nil="true"></Line2>
          <Line3 xsi:nil="true"></Line3>
          <Longitude xsi:nil="true"></Longitude>
          <Name xsi:nil="true"></Name>
          <PostalCode>1654</PostalCode>
          <PostOfficeBox xsi:nil="true"></PostOfficeBox>
          <PrimaryContactName xsi:nil="true"></PrimaryContactName>
          <ShippingMethodCode>1</ShippingMethodCode>
          <StateOrProvince>Vlaams-Brabant</StateOrProvince>
          <Telephone1>028015555</Telephone1>
          <Telephone2 xsi:nil="true"></Telephone2>
          <Telephone3 xsi:nil="true"></Telephone3>
          <TimeZoneRuleVersionNumber xsi:nil="true"></TimeZoneRuleVersionNumber>
          <UPSZone xsi:nil="true"></UPSZone>
          <UTCOffset xsi:nil="true"></UTCOffset>
          <UTCConversionTimeZoneCode xsi:nil="true"></UTCConversionTimeZoneCode>
        </Address>
        <Address>
          <AddressNumber>2</AddressNumber>
          <AddressTypeCode>1</AddressTypeCode>
          <City xsi:nil="true"></City>
          <County xsi:nil="true"></County>
          <Country xsi:nil="true"></Country>
          <Fax xsi:nil="true"></Fax>
          <FreightTermsCode xsi:nil="true"></FreightTermsCode>
          <ImportSequenceNumber xsi:nil="true"></ImportSequenceNumber>
          <Latitude xsi:nil="true"></Latitude>
          <Line1 xsi:nil="true"></Line1>
          <Line2 xsi:nil="true"></Line2>
          <Line3 xsi:nil="true"></Line3>
          <Longitude xsi:nil="true"></Longitude>
          <Name xsi:nil="true"></Name>
          <PostalCode xsi:nil="true"></PostalCode>
          <PostOfficeBox xsi:nil="true"></PostOfficeBox>
          <PrimaryContactName xsi:nil="true"></PrimaryContactName>
          <ShippingMethodCode>1</ShippingMethodCode>
          <StateOrProvince xsi:nil="true"></StateOrProvince>
          <Telephone1 xsi:nil="true"></Telephone1>
          <Telephone2 xsi:nil="true"></Telephone2>
          <Telephone3 xsi:nil="true"></Telephone3>
          <TimeZoneRuleVersionNumber xsi:nil="true"></TimeZoneRuleVersionNumber>
          <UPSZone xsi:nil="true"></UPSZone>
          <UTCOffset xsi:nil="true"></UTCOffset>
          <UTCConversionTimeZoneCode xsi:nil="true"></UTCConversionTimeZoneCode>
        </Address>
      </Addresses>
    </Publisher>
    <RootComponents>
      <RootComponent type="61" schemaName="rd_/clientside/configuration.html" behavior="0" />
      <RootComponent type="61" schemaName="rd_/clientside/css/CRM_Style.css" behavior="0" />
      <RootComponent type="61" schemaName="rd_/clientside/css/font_awesome.css" behavior="0" />
      <RootComponent type="61" schemaName="rd_/clientside/img/RD_Logo.png" behavior="0" />
      <RootComponent type="61" schemaName="rd_/clientside/RDLibCore.js" behavior="0" />
      <RootComponent type="61" schemaName="rd_/clientside/samples/CRMStyle.html" behavior="0" />
      <RootComponent type="61" schemaName="rd_/clientside/samples/samples.css" behavior="0" />
      <RootComponent type="61" schemaName="rd_/clientside/samples/samples.html" behavior="0" />
      <RootComponent type="61" schemaName="rd_/clientside/scripts/CrmFetchKit.bundle.js" behavior="0" />
      <RootComponent type="61" schemaName="rd_/clientside/scripts/CrmFetchKit.js" behavior="0" />
      <RootComponent type="61" schemaName="rd_/clientside/scripts/CustomActionExecutor.js" behavior="0" />
      <RootComponent type="61" schemaName="rd_/clientside/scripts/jQuery.js" behavior="0" />
      <RootComponent type="61" schemaName="rd_/clientside/scripts/jquery_ui_1.10.4.custom.js" behavior="0" />
      <RootComponent type="61" schemaName="rd_/clientside/scripts/knockout.js" behavior="0" />
      <RootComponent type="61" schemaName="rd_/clientside/scripts/moment.js" behavior="0" />
      <RootComponent type="61" schemaName="rd_/clientSide/scripts/RD.Libraries.BL.js" behavior="0" />
      <RootComponent type="61" schemaName="rd_/clientside/scripts/RD.Libraries.CRMControls.js" behavior="0" />
      <RootComponent type="61" schemaName="rd_/clientside/scripts/RD.Libraries.CustomActionExecutor.js" behavior="0" />
      <RootComponent type="61" schemaName="rd_/clientside/scripts/RD.Libraries.FormType.js" behavior="0" />
      <RootComponent type="61" schemaName="rd_/clientside/scripts/RD.Libraries.Helpers.js" behavior="0" />
      <RootComponent type="61" schemaName="rd_/clientside/scripts/RD.Libraries.IBAN.js" behavior="0" />
      <RootComponent type="61" schemaName="rd_/clientside/scripts/RD.Libraries.PhoneFormat.js" behavior="0" />
      <RootComponent type="61" schemaName="rd_/clientside/scripts/RD.Libraries.WebAPI.js" behavior="0" />
      <RootComponent type="61" schemaName="rd_/clientside/scripts/Sdk.REST.js" behavior="0" />
      <RootComponent type="61" schemaName="rd_/clientside/scripts/XrmServiceToolkit.js" behavior="0" />
      <RootComponent type="61" schemaName="rd_/clientside/scripts/XrmServiceToolkit_jQuery.js" behavior="0" />
    </RootComponents>
    <MissingDependencies />
  </SolutionManifest>
</ImportExportXml>