<ImportExportXml xmlns:xsi="http://www.w3.org/2001/XMLSchema-instance">
  <Entities></Entities>
  <Roles></Roles>
  <Workflows></Workflows>
  <FieldSecurityProfiles></FieldSecurityProfiles>
  <Templates />
  <EntityMaps />
  <EntityRelationships />
  <OrganizationSettings />
  <optionsets />
  <WebResources>
    <WebResource>
      <WebResourceId>{eebcd16b-f6cd-e811-a968-000d3a2cba5f}</WebResourceId>
      <Name>rd_/clientside/scripts/RD.Libraries.Helpers.js</Name>
      <DisplayName>JS - Helpers</DisplayName>
      <WebResourceType>3</WebResourceType>
      <IntroducedVersion>1.0.0.9</IntroducedVersion>
      <IsEnabledForMobileClient>0</IsEnabledForMobileClient>
      <IsAvailableForMobileOffline>0</IsAvailableForMobileOffline>
      <DependencyXml>&lt;Dependencies&gt;&lt;Dependency componentType="WebResource"/&gt;&lt;/Dependencies&gt;</DependencyXml>
      <IsCustomizable>1</IsCustomizable>
      <CanBeDeleted>1</CanBeDeleted>
      <IsHidden>0</IsHidden>
      <FileName>/WebResources/rd_clientsidescriptsRDLibrariesHelpersjsEEBCD16B-F6CD-E811-A968-000D3A2CBA5F</FileName>
    </WebResource>
    <WebResource>
      <WebResourceId>{a7458322-f7cd-e811-a968-000d3a2cba5f}</WebResourceId>
      <Name>rd_/clientside/scripts/RD.Libraries.IBAN.js</Name>
      <DisplayName>JS - IBAN</DisplayName>
      <WebResourceType>3</WebResourceType>
      <IntroducedVersion>1.0.0.9</IntroducedVersion>
      <IsEnabledForMobileClient>0</IsEnabledForMobileClient>
      <IsAvailableForMobileOffline>0</IsAvailableForMobileOffline>
      <DependencyXml>&lt;Dependencies&gt;&lt;Dependency componentType="WebResource"/&gt;&lt;/Dependencies&gt;</DependencyXml>
      <IsCustomizable>1</IsCustomizable>
      <CanBeDeleted>1</CanBeDeleted>
      <IsHidden>0</IsHidden>
      <FileName>/WebResources/rd_clientsidescriptsRDLibrariesIBANjsA7458322-F7CD-E811-A968-000D3A2CBA5F</FileName>
    </WebResource>
    <WebResource>
      <WebResourceId>{33bca640-f7cd-e811-a968-000d3a2cba5f}</WebResourceId>
      <Name>rd_/clientside/scripts/RD.Libraries.PhoneFormat.js</Name>
      <DisplayName>JS- PhoneFormat</DisplayName>
      <WebResourceType>3</WebResourceType>
      <IntroducedVersion>1.0.0.9</IntroducedVersion>
      <IsEnabledForMobileClient>0</IsEnabledForMobileClient>
      <IsAvailableForMobileOffline>0</IsAvailableForMobileOffline>
      <DependencyXml>&lt;Dependencies&gt;&lt;Dependency componentType="WebResource"/&gt;&lt;/Dependencies&gt;</DependencyXml>
      <IsCustomizable>1</IsCustomizable>
      <CanBeDeleted>1</CanBeDeleted>
      <IsHidden>0</IsHidden>
      <FileName>/WebResources/rd_clientsidescriptsRDLibrariesPhoneFormatjs33BCA640-F7CD-E811-A968-000D3A2CBA5F</FileName>
    </WebResource>
    <WebResource>
      <WebResourceId>{31f27632-f8cd-e811-a968-000d3a2cba5f}</WebResourceId>
      <Name>rd_/clientside/scripts/CrmFetchKit.bundle.js</Name>
      <DisplayName>JS - CRM Fetch Kit</DisplayName>
      <WebResourceType>3</WebResourceType>
      <IntroducedVersion>1.0.0.9</IntroducedVersion>
      <IsEnabledForMobileClient>0</IsEnabledForMobileClient>
      <IsAvailableForMobileOffline>0</IsAvailableForMobileOffline>
      <DependencyXml>&lt;Dependencies&gt;&lt;Dependency componentType="WebResource"/&gt;&lt;/Dependencies&gt;</DependencyXml>
      <IsCustomizable>1</IsCustomizable>
      <CanBeDeleted>1</CanBeDeleted>
      <IsHidden>0</IsHidden>
      <FileName>/WebResources/rd_clientsidescriptsCrmFetchKitbundlejs31F27632-F8CD-E811-A968-000D3A2CBA5F</FileName>
    </WebResource>
    <WebResource>
      <WebResourceId>{faecf7b7-f8cd-e811-a968-000d3a2cba5f}</WebResourceId>
      <Name>rd_/clientside/scripts/RD.Libraries.CustomActionExecutor.js</Name>
      <DisplayName>JS - Custom Action Executor</DisplayName>
      <WebResourceType>3</WebResourceType>
      <IntroducedVersion>1.0.0.9</IntroducedVersion>
      <IsEnabledForMobileClient>0</IsEnabledForMobileClient>
      <IsAvailableForMobileOffline>0</IsAvailableForMobileOffline>
      <DependencyXml>&lt;Dependencies&gt;&lt;Dependency componentType="WebResource"/&gt;&lt;/Dependencies&gt;</DependencyXml>
      <IsCustomizable>1</IsCustomizable>
      <CanBeDeleted>1</CanBeDeleted>
      <IsHidden>0</IsHidden>
      <FileName>/WebResources/rd_clientsidescriptsRDLibrariesCustomActionExecutoFAECF7B7-F8CD-E811-A968-000D3A2CBA5F</FileName>
    </WebResource>
    <WebResource>
      <WebResourceId>{53f4d653-70cc-e811-a964-000d3a2cbe72}</WebResourceId>
      <Name>rd_/clientside/css/CRM_Style.css</Name>
      <DisplayName>CSS - CRM Style</DisplayName>
      <WebResourceType>2</WebResourceType>
      <IntroducedVersion>1.0.0.9</IntroducedVersion>
      <IsEnabledForMobileClient>0</IsEnabledForMobileClient>
      <IsAvailableForMobileOffline>0</IsAvailableForMobileOffline>
      <DependencyXml>&lt;Dependencies&gt;&lt;Dependency componentType="WebResource"/&gt;&lt;/Dependencies&gt;</DependencyXml>
      <IsCustomizable>1</IsCustomizable>
      <CanBeDeleted>1</CanBeDeleted>
      <IsHidden>0</IsHidden>
      <FileName>/WebResources/rd_clientsidecssCRM_Stylecss53F4D653-70CC-E811-A964-000D3A2CBE72</FileName>
    </WebResource>
    <WebResource>
      <WebResourceId>{0b04f2ab-70cc-e811-a964-000d3a2cbe72}</WebResourceId>
      <Name>rd_/clientside/css/font_awesome.css</Name>
      <DisplayName>CSS - Font Awesome</DisplayName>
      <WebResourceType>2</WebResourceType>
      <IntroducedVersion>1.0.0.9</IntroducedVersion>
      <IsEnabledForMobileClient>0</IsEnabledForMobileClient>
      <IsAvailableForMobileOffline>0</IsAvailableForMobileOffline>
      <DependencyXml>&lt;Dependencies&gt;&lt;Dependency componentType="WebResource"/&gt;&lt;/Dependencies&gt;</DependencyXml>
      <IsCustomizable>1</IsCustomizable>
      <CanBeDeleted>1</CanBeDeleted>
      <IsHidden>0</IsHidden>
      <FileName>/WebResources/rd_clientsidecssfont_awesomecss0B04F2AB-70CC-E811-A964-000D3A2CBE72</FileName>
    </WebResource>
    <WebResource>
      <WebResourceId>{4c1a3fa5-71cc-e811-a964-000d3a2cbe72}</WebResourceId>
      <Name>rd_/clientside/samples/samples.css</Name>
      <DisplayName>CSS - Sample Pages CSS</DisplayName>
      <WebResourceType>2</WebResourceType>
      <IntroducedVersion>1.0.0.9</IntroducedVersion>
      <IsEnabledForMobileClient>0</IsEnabledForMobileClient>
      <IsAvailableForMobileOffline>0</IsAvailableForMobileOffline>
      <DependencyXml>&lt;Dependencies&gt;&lt;Dependency componentType="WebResource"/&gt;&lt;/Dependencies&gt;</DependencyXml>
      <IsCustomizable>1</IsCustomizable>
      <CanBeDeleted>1</CanBeDeleted>
      <IsHidden>0</IsHidden>
      <FileName>/WebResources/rd_clientsidesamplessamplescss4C1A3FA5-71CC-E811-A964-000D3A2CBE72</FileName>
    </WebResource>
    <WebResource>
      <WebResourceId>{5e7f0549-7bcc-e811-a964-000d3a2cbe72}</WebResourceId>
      <Name>rd_/clientside/samples/CRMStyle.html</Name>
      <DisplayName>HTML - CRM Style Controls</DisplayName>
      <WebResourceType>1</WebResourceType>
      <IntroducedVersion>1.0.0.9</IntroducedVersion>
      <IsEnabledForMobileClient>0</IsEnabledForMobileClient>
      <IsAvailableForMobileOffline>0</IsAvailableForMobileOffline>
      <DependencyXml>&lt;Dependencies&gt;&lt;Dependency componentType="WebResource"/&gt;&lt;/Dependencies&gt;</DependencyXml>
      <IsCustomizable>1</IsCustomizable>
      <CanBeDeleted>1</CanBeDeleted>
      <IsHidden>0</IsHidden>
      <FileName>/WebResources/rd_clientsidesamplesCRMStylehtml5E7F0549-7BCC-E811-A964-000D3A2CBE72</FileName>
    </WebResource>
    <WebResource>
      <WebResourceId>{ffa0af9f-7bcc-e811-a964-000d3a2cbe72}</WebResourceId>
      <Name>rd_/clientside/configuration.html</Name>
      <DisplayName>HTML - RD Client Side Library Configuration Page</DisplayName>
      <WebResourceType>1</WebResourceType>
      <IntroducedVersion>1.0.0.9</IntroducedVersion>
      <IsEnabledForMobileClient>0</IsEnabledForMobileClient>
      <IsAvailableForMobileOffline>0</IsAvailableForMobileOffline>
      <DependencyXml>&lt;Dependencies&gt;&lt;Dependency componentType="WebResource"/&gt;&lt;/Dependencies&gt;</DependencyXml>
      <IsCustomizable>1</IsCustomizable>
      <CanBeDeleted>1</CanBeDeleted>
      <IsHidden>0</IsHidden>
      <FileName>/WebResources/rd_clientsideconfigurationhtmlFFA0AF9F-7BCC-E811-A964-000D3A2CBE72</FileName>
    </WebResource>
    <WebResource>
      <WebResourceId>{9f3d81c0-7ccc-e811-a964-000d3a2cbe72}</WebResourceId>
      <Name>rd_/clientside/scripts/RD.Libraries.CRMControls.js</Name>
      <DisplayName>JS - CRM Custom Controls</DisplayName>
      <WebResourceType>3</WebResourceType>
      <IntroducedVersion>1.0.0.9</IntroducedVersion>
      <IsEnabledForMobileClient>0</IsEnabledForMobileClient>
      <IsAvailableForMobileOffline>0</IsAvailableForMobileOffline>
      <DependencyXml>&lt;Dependencies&gt;&lt;Dependency componentType="WebResource"/&gt;&lt;/Dependencies&gt;</DependencyXml>
      <IsCustomizable>1</IsCustomizable>
      <CanBeDeleted>1</CanBeDeleted>
      <IsHidden>0</IsHidden>
      <FileName>/WebResources/rd_clientsidescriptsRDLibrariesCRMControlsjs9F3D81C0-7CCC-E811-A964-000D3A2CBE72</FileName>
    </WebResource>
    <WebResource>
      <WebResourceId>{3620376f-7dcc-e811-a964-000d3a2cbe72}</WebResourceId>
      <Name>rd_/clientside/scripts/RD.Libraries.FormType.js</Name>
      <DisplayName>JS - Form Type Helpers</DisplayName>
      <WebResourceType>3</WebResourceType>
      <IntroducedVersion>1.0.0.9</IntroducedVersion>
      <IsEnabledForMobileClient>0</IsEnabledForMobileClient>
      <IsAvailableForMobileOffline>0</IsAvailableForMobileOffline>
      <DependencyXml>&lt;Dependencies&gt;&lt;Dependency componentType="WebResource"/&gt;&lt;/Dependencies&gt;</DependencyXml>
      <IsCustomizable>1</IsCustomizable>
      <CanBeDeleted>1</CanBeDeleted>
      <IsHidden>0</IsHidden>
      <FileName>/WebResources/rd_clientsidescriptsRDLibrariesFormTypejs3620376F-7DCC-E811-A964-000D3A2CBE72</FileName>
    </WebResource>
    <WebResource>
      <WebResourceId>{e9be0d33-7ecc-e811-a964-000d3a2cbe72}</WebResourceId>
      <Name>rd_/clientside/scripts/XrmServiceToolkit_jQuery.js</Name>
      <DisplayName>JS - jQuery (adapted for XrmServiceToolkit)</DisplayName>
      <WebResourceType>3</WebResourceType>
      <IntroducedVersion>1.0.0.9</IntroducedVersion>
      <IsEnabledForMobileClient>0</IsEnabledForMobileClient>
      <IsAvailableForMobileOffline>0</IsAvailableForMobileOffline>
      <DependencyXml>&lt;Dependencies&gt;&lt;Dependency componentType="WebResource"/&gt;&lt;/Dependencies&gt;</DependencyXml>
      <IsCustomizable>1</IsCustomizable>
      <CanBeDeleted>1</CanBeDeleted>
      <IsHidden>0</IsHidden>
      <FileName>/WebResources/rd_clientsidescriptsXrmServiceToolkit_jQueryjsE9BE0D33-7ECC-E811-A964-000D3A2CBE72</FileName>
    </WebResource>
    <WebResource>
      <WebResourceId>{054ef99e-7ecc-e811-a964-000d3a2cbe72}</WebResourceId>
      <Name>rd_/clientside/scripts/jQuery.js</Name>
      <DisplayName>JS - jQuery 1.9.1</DisplayName>
      <WebResourceType>3</WebResourceType>
      <IntroducedVersion>1.0.0.9</IntroducedVersion>
      <IsEnabledForMobileClient>0</IsEnabledForMobileClient>
      <IsAvailableForMobileOffline>0</IsAvailableForMobileOffline>
      <DependencyXml>&lt;Dependencies&gt;&lt;Dependency componentType="WebResource"/&gt;&lt;/Dependencies&gt;</DependencyXml>
      <IsCustomizable>1</IsCustomizable>
      <CanBeDeleted>1</CanBeDeleted>
      <IsHidden>0</IsHidden>
      <FileName>/WebResources/rd_clientsidescriptsjQueryjs054EF99E-7ECC-E811-A964-000D3A2CBE72</FileName>
    </WebResource>
    <WebResource>
      <WebResourceId>{82a04be3-7ecc-e811-a964-000d3a2cbe72}</WebResourceId>
      <Name>rd_/clientside/scripts/jquery_ui_1.10.4.custom.js</Name>
      <DisplayName>JS - jQuery UI Custom</DisplayName>
      <WebResourceType>3</WebResourceType>
      <IntroducedVersion>1.0.0.9</IntroducedVersion>
      <IsEnabledForMobileClient>0</IsEnabledForMobileClient>
      <IsAvailableForMobileOffline>0</IsAvailableForMobileOffline>
      <DependencyXml>&lt;Dependencies&gt;&lt;Dependency componentType="WebResource"/&gt;&lt;/Dependencies&gt;</DependencyXml>
      <IsCustomizable>1</IsCustomizable>
      <CanBeDeleted>1</CanBeDeleted>
      <IsHidden>0</IsHidden>
      <FileName>/WebResources/rd_clientsidescriptsjquery_ui_1104customjs82A04BE3-7ECC-E811-A964-000D3A2CBE72</FileName>
    </WebResource>
    <WebResource>
      <WebResourceId>{566e7c2d-7fcc-e811-a964-000d3a2cbe72}</WebResourceId>
      <Name>rd_/clientside/scripts/knockout.js</Name>
      <DisplayName>JS - Knockout 2.2.0</DisplayName>
      <WebResourceType>3</WebResourceType>
      <IntroducedVersion>1.0.0.9</IntroducedVersion>
      <IsEnabledForMobileClient>0</IsEnabledForMobileClient>
      <IsAvailableForMobileOffline>0</IsAvailableForMobileOffline>
      <DependencyXml>&lt;Dependencies&gt;&lt;Dependency componentType="WebResource"/&gt;&lt;/Dependencies&gt;</DependencyXml>
      <IsCustomizable>1</IsCustomizable>
      <CanBeDeleted>1</CanBeDeleted>
      <IsHidden>0</IsHidden>
      <FileName>/WebResources/rd_clientsidescriptsknockoutjs566E7C2D-7FCC-E811-A964-000D3A2CBE72</FileName>
    </WebResource>
    <WebResource>
      <WebResourceId>{cfcf8e51-7fcc-e811-a964-000d3a2cbe72}</WebResourceId>
      <Name>rd_/clientside/scripts/moment.js</Name>
      <DisplayName>JS - Moment JS</DisplayName>
      <WebResourceType>3</WebResourceType>
      <IntroducedVersion>1.0.0.9</IntroducedVersion>
      <IsEnabledForMobileClient>0</IsEnabledForMobileClient>
      <IsAvailableForMobileOffline>0</IsAvailableForMobileOffline>
      <DependencyXml>&lt;Dependencies&gt;&lt;Dependency componentType="WebResource"/&gt;&lt;/Dependencies&gt;</DependencyXml>
      <IsCustomizable>1</IsCustomizable>
      <CanBeDeleted>1</CanBeDeleted>
      <IsHidden>0</IsHidden>
      <FileName>/WebResources/rd_clientsidescriptsmomentjsCFCF8E51-7FCC-E811-A964-000D3A2CBE72</FileName>
    </WebResource>
    <WebResource>
      <WebResourceId>{e1191b89-7fcc-e811-a964-000d3a2cbe72}</WebResourceId>
      <Name>rd_/clientSide/scripts/RD.Libraries.BL.js</Name>
      <DisplayName>JS - RD Belgium Library</DisplayName>
      <WebResourceType>3</WebResourceType>
      <IntroducedVersion>1.0.0.9</IntroducedVersion>
      <IsEnabledForMobileClient>0</IsEnabledForMobileClient>
      <IsAvailableForMobileOffline>0</IsAvailableForMobileOffline>
      <DependencyXml>&lt;Dependencies&gt;&lt;Dependency componentType="WebResource"/&gt;&lt;/Dependencies&gt;</DependencyXml>
      <IsCustomizable>1</IsCustomizable>
      <CanBeDeleted>1</CanBeDeleted>
      <IsHidden>0</IsHidden>
      <FileName>/WebResources/rd_clientSidescriptsRDLibrariesBLjsE1191B89-7FCC-E811-A964-000D3A2CBE72</FileName>
    </WebResource>
    <WebResource>
      <WebResourceId>{effa67e1-7fcc-e811-a964-000d3a2cbe72}</WebResourceId>
      <Name>rd_/clientside/RDLibCore.js</Name>
      <DisplayName>JS - Realdolmen Client Side Library Core</DisplayName>
      <WebResourceType>3</WebResourceType>
      <IntroducedVersion>1.0.0.9</IntroducedVersion>
      <IsEnabledForMobileClient>0</IsEnabledForMobileClient>
      <IsAvailableForMobileOffline>0</IsAvailableForMobileOffline>
      <DependencyXml>&lt;Dependencies&gt;&lt;Dependency componentType="WebResource"/&gt;&lt;/Dependencies&gt;</DependencyXml>
      <IsCustomizable>1</IsCustomizable>
      <CanBeDeleted>1</CanBeDeleted>
      <IsHidden>0</IsHidden>
      <FileName>/WebResources/rd_clientsideRDLibCorejsEFFA67E1-7FCC-E811-A964-000D3A2CBE72</FileName>
    </WebResource>
    <WebResource>
      <WebResourceId>{91e5371d-80cc-e811-a964-000d3a2cbe72}</WebResourceId>
      <Name>rd_/clientside/scripts/Sdk.REST.js</Name>
      <DisplayName>JS - SDK Rest Library</DisplayName>
      <WebResourceType>3</WebResourceType>
      <IntroducedVersion>1.0.0.9</IntroducedVersion>
      <IsEnabledForMobileClient>0</IsEnabledForMobileClient>
      <IsAvailableForMobileOffline>0</IsAvailableForMobileOffline>
      <DependencyXml>&lt;Dependencies&gt;&lt;Dependency componentType="WebResource"/&gt;&lt;/Dependencies&gt;</DependencyXml>
      <IsCustomizable>1</IsCustomizable>
      <CanBeDeleted>1</CanBeDeleted>
      <IsHidden>0</IsHidden>
      <FileName>/WebResources/rd_clientsidescriptsSdkRESTjs91E5371D-80CC-E811-A964-000D3A2CBE72</FileName>
    </WebResource>
    <WebResource>
      <WebResourceId>{33075340-80cc-e811-a964-000d3a2cbe72}</WebResourceId>
      <Name>rd_/clientside/scripts/RD.Libraries.WebAPI.js</Name>
      <DisplayName>JS - Web API</DisplayName>
      <WebResourceType>3</WebResourceType>
      <IntroducedVersion>1.0.0.9</IntroducedVersion>
      <IsEnabledForMobileClient>0</IsEnabledForMobileClient>
      <IsAvailableForMobileOffline>0</IsAvailableForMobileOffline>
      <DependencyXml>&lt;Dependencies&gt;&lt;Dependency componentType="WebResource"/&gt;&lt;/Dependencies&gt;</DependencyXml>
      <IsCustomizable>1</IsCustomizable>
      <CanBeDeleted>1</CanBeDeleted>
      <IsHidden>0</IsHidden>
      <FileName>/WebResources/rd_clientsidescriptsRDLibrariesWebAPIjs33075340-80CC-E811-A964-000D3A2CBE72</FileName>
    </WebResource>
    <WebResource>
      <WebResourceId>{3111af78-80cc-e811-a964-000d3a2cbe72}</WebResourceId>
      <Name>rd_/clientside/scripts/XrmServiceToolkit.js</Name>
      <DisplayName>JS - XrmServiceToolkit</DisplayName>
      <WebResourceType>3</WebResourceType>
      <IntroducedVersion>1.0.0.9</IntroducedVersion>
      <IsEnabledForMobileClient>0</IsEnabledForMobileClient>
      <IsAvailableForMobileOffline>0</IsAvailableForMobileOffline>
      <DependencyXml>&lt;Dependencies&gt;&lt;Dependency componentType="WebResource"/&gt;&lt;/Dependencies&gt;</DependencyXml>
      <IsCustomizable>1</IsCustomizable>
      <CanBeDeleted>1</CanBeDeleted>
      <IsHidden>0</IsHidden>
      <FileName>/WebResources/rd_clientsidescriptsXrmServiceToolkitjs3111AF78-80CC-E811-A964-000D3A2CBE72</FileName>
    </WebResource>
    <WebResource>
      <WebResourceId>{82a6e1aa-80cc-e811-a964-000d3a2cbe72}</WebResourceId>
      <Name>rd_/clientside/img/RD_Logo.png</Name>
      <DisplayName>PNG - Realdolmen Logo</DisplayName>
      <WebResourceType>5</WebResourceType>
      <IntroducedVersion>1.0.0.9</IntroducedVersion>
      <IsEnabledForMobileClient>0</IsEnabledForMobileClient>
      <IsAvailableForMobileOffline>0</IsAvailableForMobileOffline>
      <DependencyXml>&lt;Dependencies&gt;&lt;Dependency componentType="WebResource"/&gt;&lt;/Dependencies&gt;</DependencyXml>
      <IsCustomizable>1</IsCustomizable>
      <CanBeDeleted>1</CanBeDeleted>
      <IsHidden>0</IsHidden>
      <FileName>/WebResources/rd_clientsideimgRD_Logopng82A6E1AA-80CC-E811-A964-000D3A2CBE72</FileName>
    </WebResource>
    <WebResource>
      <WebResourceId>{cf73f54d-85cc-e811-a964-000d3a2cbe72}</WebResourceId>
      <Name>rd_/clientside/samples/samples.html</Name>
      <DisplayName>HTML - Samples Page</DisplayName>
      <WebResourceType>1</WebResourceType>
      <IntroducedVersion>1.0.0.9</IntroducedVersion>
      <IsEnabledForMobileClient>0</IsEnabledForMobileClient>
      <IsAvailableForMobileOffline>0</IsAvailableForMobileOffline>
      <DependencyXml>&lt;Dependencies&gt;&lt;Dependency componentType="WebResource"/&gt;&lt;/Dependencies&gt;</DependencyXml>
      <IsCustomizable>1</IsCustomizable>
      <CanBeDeleted>1</CanBeDeleted>
      <IsHidden>0</IsHidden>
      <FileName>/WebResources/rd_clientsidesamplessampleshtmlCF73F54D-85CC-E811-A964-000D3A2CBE72</FileName>
    </WebResource>
  </WebResources>
  <CustomControls />
  <EntityDataProviders />
  <Languages>
    <Language>1033</Language>
  </Languages>
</ImportExportXml>